id,keyword,location,text,target
1,,,"Is er geen sprake van acuut gevaar en gaat het om schade aan de openbare ruimte, zoals een omgevallen boom in de berm, bel dan de gemeente.",0
2,,,In onderstaand dashboard meer informatie over het verloop en de besmettingen per gemeente (klik in onze app halverwege de scrollbar om te scrollen):,0
3,,,In november en december lanceert de Vereniging van Nederlandse Gemeenten in dit kader een videoserie van 5 afleveringen over lokale democratische innovaties onder de titel Thorbecke2024.,0
4,,,"Ook gemeenten kunnen de toekomst niet voorspellen, maar ze moeten hem wel verkennen. ",0
5,,,"Afgaande op regionale media in Utrecht zet de gemeente verkeersregelaars in bij de voetgangersrotonde, maar ook op andere plekken.",0
6,,,"Hij erkende in de rechtszaal dat hij gefrustreerd was, onder meer omdat hij zelf eerder aangifte had willen doen, maar dat volgens hem niet kon.",0
7,,,"Door aangifte te doen, willen we een signaal afgeven. Want dit is niet hoe wij het voor ogen hebben.",0
8,,,"Vandaag deden tientallen boeren in onder meer Zwolle, Deventer, Hengelo en Almelo aangifte tegen minister Schouten van Landbouw.",0
9,,,Wethouder Pieter van Zwanenburg kon zich gedeeltelijk vinden in dit amendement.,0
10,,,Dit amendement werd unaniem aangenomen.,0
11,,,"Daar heb je te maken met interrupties, moties en amendementen.",0
12,,,CDA’er Bert Oude Lansink dient namens coalitiegenoten GB90 en Borne-Nu een amendement in.,0
13,,,"Huishoudens die een verpakkingencontainer krijgen, ontvangen hierover vlak daarvoor een brief waarin staat wanneer de verpakkingencontainer wordt bezorgd.",0
14,,,De verwachting is dat voor de kerstdagen alle verpakkingencontainers zijn bezorgd.,0
15,,,Behalve voor de waarde van zijn woning is Voigt bezorgd om overlast.,0
16,,,"In deze buurten worden pakketjes niet meer aan huis bezorgd, maar moeten bewoners de dozen ophalen bij een centraal pun",0
17,,,Een groep kinderen uit Utrecht is boos.,0
18,,,Zij wordt boos als we ook maar één plastic velletje gebruiken.,0
19,,,Hij zegt dan ook niet boos te zijn.,0
20,,,"Hij zal heel, heel boos zijn als hij vanavond thuiskomt.’",0
21,,,Het zoontje van de vrouw bleef ongedeerd en dat is volgens de burgemeester een wonder.,0
22,,,De politie trof de plantjes aan bij een controle bij een schuur aan de Burgemeester Jacobsstraat.,0
23,,,"Volgens de burgemeester van de gemeente Houthalen-Helchteren, onder Eindhoven, was de ravage enorm.""",0
24,,,De PvdA'er Aboutaleb werd in 2009 benoemd als burgemeester van de stad.,0
25,,,Dinsdag is bekend geworden dat bij een in Drenthe woonachtige docent van het Deltion College in Zwolle ook het coronavirus geconstateerd.,0
26,,,"’s Morgens college, eten in de auto onderweg naar het postkantoor in Almelo. ",0
27,,,Eerenberg heeft zijn naaste collega’s in het college en binnen D66 Enschede de afgelopen dagen op de hoogte gebracht van zijn naderende vertrek,0
28,,,"Carolus Clusius College (1925) is een goede tweede en daarna volgen de panden van de Parkschool en Ichthus, allebei uit 1929.",0
29,,,Het pand wordt hoger dan het was; daar heeft de commissie ook moeite mee.,0
30,,,Maandagavond stond het voorstel inzake ’besluit tot niet vaststellen bestemmingsplan Almelosestraat 68a t/m i Ootmarsum’ op de agenda van de commissie.,0
31,,,"Volgens wethouder Benno Brand die maandagavond een korte toelichting gaf in de commissie, hebben de eigenaren voor de laatste optie besloten.",0
32,,,"Zowel de Commissie Borstlap, die door het kabinet werd ingesteld om te kijken naar de toekomst van werk, als de Wetenschappelijke Raad voor het Regeringsbeleid (WRR) zijn voorstander van gesubsidieerde banen voor mensen voor wie een gewone baan teveel is.",0
33,,,Corona zorgde ook voor sociale druk en leidde tot meer overlastmeldingen door conflicten en verminderde verdraagzaamheid tussen mensen.,0
34,,,Verstandige beleidsmakers proberen conflicten voor te zijn.,0
35,,,"‘Verstandig erfgoedbeleid betekent: conflicten vóór zijn.’""",0
36,,,Ik geloof meer in dialoog dan in debat en ben liever bezig met inhoud dan met imago.,0
37,,,"Een goede democratie heeft drie elementen: politiek, activisme (de status quo uitdagen) en dialoog.",0
38,,,Het heeft geen zin een dialoog te houden met mensen die in een monoloog zijn geïnteresseerd.,0
39,,,"Waar de eerste groep geen ambities heeft om te integreren en gebaat is bij de parken, gaat de tweede groep op zoek naar een eigen woning.",0
40,,,De grootste critici hebben geen vertrouwen in het reguliere onderwijs omdat de ‘intrinsieke motivatie’ van het kind niet serieus wordt genomen.,0
41,,,"De raadsvergadering en installatie zijn live te volgen via de livestream op www.zwolle.nl/gemeenteraad.""",0
42,,,Dat liet hij dinsdagavond weten aan de gemeenteraad.,0
43,,,Dat heeft wethouder Klaas Sloots laten weten op vragen van GroenLinks in de gemeenteraad.,0
44,,,"Maar ik heb dit maandagavond gedeeld in de Zwolse gemeenteraad, en zou graag met andere partijen optrekken.",0
45,,,Het college van B en W legt het Ontwikkelplan voor aan de gemeenteraad voor besluitvorming.,0
46,,,Ze werkte eerst bij de gemeente Enschede en daarna als gemeentesecretaris in Oost-Gelre.,0
47,,,"Afgelopen maand zijn alle burgemeesters, wethouders, raadsleden, griffiers, gemeentesecretarissen, commissarissen van de koning en leden van Gedeputeerde Staten en Provinciale Staten benaderd om deel te nemen aan een online onderzoek.",0
48,,,"Daarvoor was hij gemeentesecretaris in onder andere Millingen aan de Rijn, Denekamp, Dinkelland, Opsterland en Rheden.""",0
49,,,"Toen Van Wuijtswinkel in 2016 als gemeentesecretaris begon, waren alleen de cultuurinstellingen verzelfstandigd.",0
50,,,"Het crisisteam, of ook wel genoemd Gemeentelijk Beleidsteam (BGT), bestaat uit burgemeester Erica van Lente, (vervangend) Gemeentesecretaris Henry van der Woude, Adviseur Crisisbeheersing Wilco Guldemond en communicatieadviseur Myrthe Honingh.",0
51,,,"„Ontstaat er onverhoopt een geschil of komt de aannemer zijn afspraken niet na, dan kun je via Bouwgarant een arbitragezaak aanspannen.’’",0
52,,,Er waren geschillen over de erfenis.’’,0
53,,,„Het is belangrijk dat buren hun onderlinge ergernis of geschil zo snel mogelijk samen bespreken.,0
54,,,eze onafhankelijke commissie oordeelt bij geschillen tussen ondernemers.,0
55,,,"Een aantal mensen, de griffier en collegeleden, zit in het gemeentehuis achter de laptop op de eigen werkkamer. ",0
56,,,"En ook het OM en de rechterlijke macht verzoeken journalisten inmiddels om geen namen meer te noemen van aanklagers, rechters en griffiers in publicaties; rechtbanktekenaars is bovendien gevraagd om de magistratuur niet herkenbaar in beeld te brengen.",0
57,,,Dit wordt momenteel verder uitgewerkt door de raadsleden met de griffiers van de gemeenteraden.,0
58,,,"De insprekers melden zich, zoals gebruikelijk, vooraf bij de griffier en krijgen vervolgens een linkje om tijdens de vergadering in te loggen.",0
59,,,Daarnaast werd de raadsgriffier vergezeld door twee andere ambtenaren.,0
60,,,"""""Het geluid stond heel zacht"""", zegt raadsgriffier Corrie Steenbergen.",0
61,,,"De vergadering wordt in aangepaste vorm en zo beknopt mogelijk gehouden, laat raadsgriffier Amresh Dewkalie desgevraagd weten.",0
62,,,"‘De gemiddelde omvang van de griffie bij gemeenten is 2,85 fte, de gemiddelde omvang van de ambtelijke organisatie bij gemeenten is ongeveer 350 fte.",0
63,,,"De tijdelijke wet biedt ook ruimte voor briefstemmen; per post, per koerier of door inlevering van stembriefjes bij de griffie.",0
64,,,",,Deze man trok in discussies dikwijls de integriteit van serieuze gespreksdeelnemers openlijk in twijfel”, vervolgt Oskam.",0
65,,,Bij integriteit is dat 62 procent.,0
66,,,"Ik heb al lang affiniteit met integriteit, ook bijvoorbeeld als voormalig officier van justitie in rijksrecherchezaken.",0
67,,,Daarom pleiten de onderzoekers ervoor om de integriteitskwestie te laten beoordelen door een provinciale toetsingscommissie met deskundigen.,0
68,,,Het is de vraag of dat wenselijk is in een integriteitskwestie.,0
69,,,Wel lijkt het haar goed om nog eens naar de gedragscode voor bestuurders en politici te kijken en naar het intern bespreken van integriteitskwesties.,0
70,,,"Bij een integriteitsonderzoek wordt gekeken naar functies in het verleden, nevenfuncties en andere kwetsbaarheden.",0
71,,,Andere voorwaarden zijn dat er maximaal 100 gasten ontvangen mogen worden en dat de aanvrager recent nog een integriteitsonderzoek vanuit de Wet Bibob moet hebben ondergaan.,0
72,,,"„Natuurlijk kan een raadslid altijd schriftelijke vragen stellen en is het daarnaast mogelijke een interpellatie (verantwoordingsdebat, red.) aan te vragen. ",0
73,,,"Het zijn stuk voor stuk werken van hoge kwaliteit,' geeft Hanny aan.",0
74,,,"De nadruk wordt gelegd op de kwaliteit van de zang, maar ook op talentontwikkeling en grensverleggendheid.",0
75,,,"Volgens de bond wordt bovendien de kwaliteit van het ijs op open water niet gecontroleerd, omdat er vanwege corona ook geen toertochten worden georganiseerd.",0
76,,,Doel van het experiment is om te onderzoeken of en hoe op kwaliteit gecontroleerde wiet aan coffeeshops kan worden geleverd.,0
77,,,"Onderzoeken maken keihard duidelijk dat de kwaliteit van de lucht die we inademen van grote invloed is op het aantal jaren dat we leven, zegt Krol.",0
78,,,"Blankestijn doet het personen- en familierecht. Sociaal zekerheidsrecht, arbeidsrecht, ondernemingsrecht en mediation zijn ondergebracht bij zijn collega’s.",0
79,,,Dan is mediation niet zo zinvol.”,0
80,,,"Is mediation, waarbij een derde, onafhankelijke mediator beide partijen nader tot elkaar probeert te brengen, een oplossing?",0
81,,,Bij een kink in de communicatieve kabel is mediation de logische stap.,0
82,,,Over 265 voorstellen is een negatief advies uitgebracht.,0
83,,,"Er is een negatief advies voor langer open houden”, stelt Aboutaleb.",0
84,,,"Zo geven brandweer en politie een negatief advies, bijvoorbeeld als het gaat om de omgang met de mensenmassa.",0
85,,,Feit is dat de brandweer aanvankelijk een negatief advies gaf.,0
86,,,De rest van de ouders is toen niet geïnformeerd.”,0
87,,,“Ik breng mijn kind in goed vertrouwen naar school en dan worden wij niet geïnformeerd.”,0
88,,,"Bovendien is het medisch centrum, waaronder de Westerhaarse polikliniek van het Röpcke-Zweers Ziekenhuis, vooraf niet geïnformeerd over de wegopbrekingen, meldt het bestuur van AZB.",0
89,,,Bij Boeing bijvoorbeeld wordt door anonieme bronnen aangegeven dat de misère rond probleemtoestel 737 MAX te maken had met disfuntioneren op alle niveaus in de organisatie; zozeer zelfs dat volgens één van die bronnen het nieuwe vliegtuig ontworpen zou zijn ‘door clowns onder toezicht van apen’.,0
90,,,"Op 30 juni van dit jaar stonden 21.170 jongeren onder toezicht, eind 2018 waren er dat 20.770 jongeren.",0
91,,,Daarmee is NWB Bank de vijfde bank van Nederland en groot genoeg om onder toezicht van de Europese Centrale Bank (ECB) te vallen.,0
92,,,‘Voor Schouwen-Duiveland geldt dat ze meer tijd hebben genomen voor een plan en dan kom je formeel onder toezicht.,0
93,,,Want naast één van de openingen stond (en staat) een waarschuwingsbordje met huisregels.,0
94,,,Een uur na opening is er in Loon op Zand geen pompje desinfecterende handgel meer te krijgen.,0
95,,,In de dagen voor de jaarwisseling worden door onderhoudsbedrijf Gildebor de binnenbakken van afvalbakken weggehaald en de openingen van hondenpoepbakken dichtgemaakt.,0
96,,,Na opening van de handel werd die prijs meer dan verdubbeld: de koers schoot omhoog naar zo'n 146 dollar.,0
97,,,Wij hebben in Nederland een overschot aan stikstof en fosfaat.,0
98,,,Het stoffelijk overschot dat zondagavond bij Almelo werd gevonden is van een jong meisje van veertien.,0
99,,,"Als we een overschot hebben aan zon of wind, zetten we dat om in gas.",0
100,,,"In de chaos raakten sommige lichamen zoek: het stoffelijk overschot van Jose Luis Molina's vader, bijvoorbeeld.",0
101,,,"Een overschot aan voedingsstoffen zorgt niet alleen voor minder vissen, maar bedreigt ook de kwaliteit van ons drink- en zwemwater doordat bijvoorbeeld blauwalg en botulisme oprukken.’’",0
102,,,De stelselmatige overschrijding van de Nederlandse stikstofuitstoot dwingt het kabinet tot maatregelen die tot voor kort nog politiek ondenkbaar waren.,0
103,,,Het aantal overschrijdingen in Dinkelland of Losser zou in Enschede niet  eens opvallen.”,0
104,,,"Uit het onderzoeksrapport kwam verder naar voren dat er """"geen overschrijding"""" van de belasting van het dak ontstaat, als het vol zou staan met trekkers uit de categorie T5.",0
105,,,"‘Ik hoop niet dat de overschrijding van je studiekosten even groot was als de kostenoverschrijding van deze tram’, grapt medepassagier Harmen Schuitema.",0
106,,,"Jan van Hoek, voorzitter raad van bestuur: ,,De cliënt woont al jaren in deze vestiging, maar is van de één op de andere dag begonnen met schreeuwen.",0
107,,,In het advies wijst de raad op het internationale onderwijsonderzoek PISA dat onlangs werd gepubliceerd.,0
108,,,"Dat is zorgelijk, vindt de Raad voor Cultuur, die vandaag met een advies over bibliotheken komt voor het ministerie van Onderwijs, Cultuur en Wetenschap.",0
109,,,"De motorclub werd in 2018 verboden door de rechtbank, de Hoge Raad bepaalde in november 2020 dat het verbod in stand moet blijven.",0
110,,,"Vier jaar eerder begon hij als raadslid voor het CDA, waarvoor hij bij de verkiezingen van 2013 lijsttrekker was.""",0
111,,,Onder de aanwezigen was ook het Haagse gemeenteraadslid Richard de Mos.,0
112,,,Het Nijmeegse CDA-raadslid Marjolijn Mijling is een volledig andere mening toegedaan.,0
113,,,"Volgens eerdere verklaringen van de Centric-eigenaar, die ook het beursgenoteerde Oranjewoud grotendeels in handen heeft, is er geen sprake van managementleegloop maar van een reorganisatie waarbij niet goed presterende mensen zijn vertrokken.",0
114,,,De milieuproblemen bij Tata Steel komen bovenop een reorganisatie van het bedrijf waarbij 1600 mensen hun baan dreigen te verliezen.,0
115,,,Het museum zal voortaan op maandag niet meer open zijn vanwege de reorganisatie.,0
116,,,"Ook de gemeente Den Haag beloofde steun, maar de reorganisatie was volgens Schat onafwendbaar.",0
117,,,Uit een reconstructie die de curator maakte op basis van gesprekken en (jaar)verslagen blijkt dat Atak al in 2014 heeft ingezien dat een reorganisatie en samenwerking met het Wilminktheater nodig was om het tij te keren.,0
118,,,"Wij vinden dat in zulke gevallen altijd de dader ter verantwoording moet worden geroepen, niet de organisator van het evenement.'",0
119,,,"Zelfs op deze vroege ochtend, waarin de snijdende kou de buitenlucht geen aangename plek maakt, roepen voorbijgangers de handhavers ter verantwoording.",0
120,,,Woensdagmiddag vanaf 17.00 uur legt de minister verantwoording af in de Tweede Kamer.,0
121,,,"Behandel je kind zoals je de buurman ook zou behandelen, die roep je bijvoorbeeld ook niet in een vol gezelschap ter verantwoording, die neem je even apart.",0
122,,,De curatoren zien dat anders en zeggen geen enkele toezegging te hebben gedaan.,0
123,,,In een reactie erkent het ministerie nu dat die toezegging voor extra vluchten is gedaan.,0
124,,,Direct na haar toezegging meldden de eerste private schuldeisers zich bij de gedupeerden.,0
125,,,Welke toezeggingen heeft Veldhuis gedaan?,0
126,,,Het pensioen wordt persoonlijker en transparanter.,0
127,,,"‘Ik vind openheid, transparantie en het erbij betrekken van alle partijen heel belangrijk. ",0
128,,,"Alternatieven zoals een transparant gelaatsmasker helpen iets, maar niet veel - bovendien zijn deze niet toegestaan als mondkapjes-alternatief.",0
129,,,Het gaat mij nu om de transparantie.,0
130,,,"Antonio León, die burgemeester is namens een onafhankelijke partij, begint eerst over de teleurstelling in de traditionele partijen, dan over de treurnis die na de economische crisis nooit voorbij ging, vervolgens over de afkeer van de Catalaanse onafhankelijkheidsdrift.",0
131,,,"Grote treurnis is er ook binnen Gemeentebelang, de partij van Peter Onvlee.",0
132,,,"k heb daar wel vertrouwen in, want het zijn ook al rustige plekken.",0
133,,,"Wij hebben er vertrouwen in dat Sharon Dijksma zal handelen met praktische wijsheid, zelfbewustzijn en dat ze laat zien wat ze doet ten dienste van anderen"""", zei GroenLinks-raadslid Heleen de Boer die de voordracht bekendmaakte.",0
134,,,"""""Ik heb er geen vertrouwen in dat camera's en niet contant betalen de problemen zullen stoppen"""", zegt Wim Eilert van de PvdA.",0
135,,,"Ik ben in die buurt geboren, nu vertrouwen ze mij niet meer. ",0
136,,,Voor de meesten komt het wantrouwen ook pas dan en in stapjes.,0
137,,,Dat veroorzaakt paniek en wantrouwen,0
138,,,Het wantrouwen groeit in het stadsdeel Grenfell in Londen.,0
139,,,"Wantrouwen, argwaan, boosheid en gelatenheid des te meer, voegde hij eraan toe.",0
140,,,"2019 zou in Eindhoven ‘the proof of the pudding’ zijn, vertelde wethouder Renate Richters (jeugd, zorg, GroenLinks) destijds.",0
141,,,Wethouder William Dogger heeft vorige week dinsdag het startsein gegeven voor de werkzaamheden aan de rotonde De Brink en een deel van de Thomas à Kempisstraat.,0
142,,,"Wethouder Alex Langius gaf afgelopen week aan de optie best te willen onderzoeken, als daar vanuit de gemeenteraad interesse in is.",0
143,,,"En dan kunnen we dus ook snel aan de slag, hoe mooi kun je het krijgen?"""", vraagt wethouder Jan ten Kate zich af.",0
144,,,De snelheid en doeltreffendheid waarmee ze haar naamsverandering publiek maakte - vooral via sociale media - verrieden een goed geplande en zorgvuldig overdachte operatie.,0
145,,,"Hij begreep de kritiek van de boeren, maar zei ook: """"Onze berekeningen zijn zo zorgvuldig mogelijk.",0
146,,,Maar het verzamelen van alle dossiers is complex en de uitbetaling moet zorgvuldig gebeuren.,0
147,,,Na de breuk met hun ouders probeerde in elk geval een van de zoons een eigen bestaan op te bouwen in de regio.,0
148,,,De straat stond na de breuk enige tijd blank.,0
149,,,Deze streektradities vormen een breuk met het gewone leven.,0
150,,,"Bijvoorbeeld een ouder met psychische klachten, een scheiding, (veel of heftige) ruzie of schulden.",0
151,,,"Uit onderzoek blijkt niet alleen dat grappige mensen sneller het vertrouwen winnen, ze kunnen lastige boodschappen ook gemakkelijker brengen en lossen ruzies eerder op, citeert hij gedragswetenschapper Peter McGraw van de universiteit van Colorado.",0
152,,,"De ruzie zou het gevolg zijn van een """"onenigheid"""" die al geruime tijd speelt tussen jongeren uit de wijk Charlois en het stadsdeel IJsselmonde.",0
153,,,"""Negen jongeren die vermoedelijk een ruzie met een andere groep jongeren in Rotterdam wilden uitvechten, zijn vannacht opgepakt in en rond een tram in de stad. ",0
154,,,"En tijdig software updaten om bekende lekken te dichten, doen zelfs de grootste bedrijven niet altijd",0
155,,,Criminelen deinzen er niet voor terug verdovende middelen te lozen in gierkelders of vloeibare afvalstoffen weg te laten lekken op het asfalt.,0
156,,,In de afgelopen dagen werden bijvoorbeeld ook lekken geopenbaard in de browser Firefox en het besturingssysteem Windows.,0
157,,,KKR roept als investeringsmaatschappij associaties op met kortzichtig winstbejag.,0
158,,,"Lomp en kortzichtig, gezien de exportbelangen van Nederland binnen de interne markt.",0
159,,,Ben je dan echt zo kortzichtig.,0
160,,,Maar in plaats van complimenten worden de heren onder de foto voor van alles uitgemaakt.,0
161,,,"Duffy stopte in 2011 plots met muziek maken, en verdween uit de spotlights.",0
162,,,"Naast dat het binnenhalen van dit evenement de regio Twente weer even in de spotlights zet, wil Bruggink meer.",0
163,,,"En omdat veel grote films zijn uitgesteld, staan kleinere titels nu meer in de spotlights.""",0
164,,,Want exclusiviteit is waar het om draait bij de sterren die zichzelf graag in de spotlights zetten.,0
165,,,"Dit eigen energienet heeft een micro-energiecentrale, waar in de zomer het overschot aan zonne-energie wordt omgezet in waterstof.",0
166,,,We moeten tevreden zijn.”,0
167,,,"Op ongeveer 2 kilometer afstand - aan de Harm Smeengekade - zit Mark Wessels, eigenaar van Rondvaart Zwolle, tevreden op het dek van zijn botenbedrijf.",0
168,,,"Of de ouders ook zo tevreden zijn, weten de leidsters niet.",0
169,,,De overdracht van de velden wordt niet getekend voordat alle partijen tevreden zijn over de oplossing.”,0
170,,,De Grunt is tevreden over zijn groene dak en hoopt dat meer Zwollenaren volgen,0
171,,,Bovendien werd een keiharde belofte gebroken door het gemeentebestuur; er was beloofd dat er nooit meer asielzoekers in het gebouw in Azelo zouden komen.,1
172,,,"Wij vinden het belangrijk dat er vanavond een debat plaatsvindt over de ontstane situatie en realiseren ons dat er daarna hard gewerkt moet worden aan een stabiel stadsbestuur dat kan rekenen op een meerderheid "" , aldus de overige coalitiepartijen .",1
173,,,Algemene conclusie is dat de gemeente op meerdere punten tekort is geschoten bij het handhaven van de vuren .,1
174,,,"We herkennen ons niet in de verdachtmakingen "" , aldus de wethouders .",1
175,,,"De gemeente wist dat bouwers zich niet hielden aan de afspraken , maar trad hier niet tegen op .",1
176,,,Dat debat komt op een moment dat het Haagse gemeentebestuur door verschillende oorzaken onder grote druk staat .,1
177,,,"Groen Links fractievoorzitter Arjen Kapteijns noemde het besluit het vertrouwen op te zeggen "" zwaar "" .",1
178,,,"Eerder werd de penning uitgereikt aan Eric Filemon en Rens Heruer ( 2014 ) , Jochem Myjer ( 2009 ) en oud Rector Magnificus van de Universiteit Leiden Douwe Breimer ( 2006 ) .",1
179,,,"De illegale bewoning van drie voormalige bedrijfspanden in Deventer moet binnen een jaar worden gestaakt , tenzij de gemeente Deventer tussentijds een uitsterfregeling voor de bewoners bedenkt .",1
180,,,Want intussen eiste de gemeente Twenterand dat het gezin Keijzer de bult bouwpuin snel en op eigen kosten zou laten verwijderen .,1
181,,,"De PVV diende ook een motie van wantrouwen in tegen het gehele college , maar die werd weggestemd .",1
182,,,De gemeenteraad van Den Haag heeft geen vertrouwen meer in de wethouders Richard de Mos en Rachid Guernaoui .,1
183,,,"De motie van wantrouwen kreeg steun van onder meer CDA , Pvd A , SP en Christen Unie SGP .",1
184,,,We moeten de komende jaren blijven investeren om onze stad aantrekkelijk te houden .,1
185,,,"Zij vinden dat de gemeenteraad niet goed heeft opgelet bij het instemmen met een nieuwe vergunning , waardoor de verwerker op het hele buitenterrein afval kan sorteren en opslaan .",1
186,,,De gemeente erkende zijn fout en vroeg op de valreep een nader advies .,1
187,,,"Bij de gemeente Culemborg is het gelukkig allang bekend dat samenwerken met verschillende bewonersgroepen tijd kost, maar ook veel oplevert.",1
188,,,De gemeente laat weten alle conclusies te omarmen en de aanbevelingen over te nemen .,1
189,,,De uitkomsten daarvan kunnen weleens gevolgen hebben voor burgemeester Krikke .,1
190,,,"Eerder was de gemeente ook al nalatig bij de synagoge, die eerst verkocht dreigde te worden aan een horecaondernemer, maar later gaf de gemeente geen horecavergunning af omdat de synagoge religieus erfgoed is.",1
191,,,"Beide wethouders zijn dinsdag verhoord , maar zitten niet vast .",1
192,,,RT @PVV_Overijssel : De gemeente Deventer chanteert de organisatie van de Sinterklaasintocht .,1
193,,,"De gemeente had strenger moeten optreden en afspraken beter moeten vastleggen , staat in het rapport .",1
194,,,De provincie Overijssel verleende de vergunning en kreeg daarbij instemming van de gemeenteraad .,1
195,,,Zij moeten op de hoogte worden gesteld van de motie en krijgen dan de kans om zelf formeel op te stappen .,1
196,,,Gisteren werden er huiszoekingen gedaan bij de wethouders van Hart voor Den Haag/Groep de Mos .,1
197,,,Waardering voor aanpak Penitentiaire Inrichting van @DJI_detentie in @Gemeente_Almelo htt,1
198,,,"De andere coalitiepartijen noemen het corruptieonderzoek pijnlijk , omdat integriteit bij de formatiegesprekken vorig jaar hoog op de agenda stond .",1
199,,," De burgemeester zal in de raad met een goed verhaal moeten komen "" , beseft ook VVD fractieleider Frans de Graaf .",1
200,,,Na alle commotie trok het college het plan medio december weer in.,1
201,,,Op 14 januari kreeg Kotteman een motie van treurnis aan de broek.,1
202,,,Meibergen was in de ogen van de gemeente de gebeten hond die ook geen belang had bij een uitzetting .,1
203,,,"VVD , D66 en Groen Links hebben na gesprekken met Groep de Mos besloten de samenwerking direct te beindigen , schrijven ze in een gezamenlijke verklaring .",1
204,,,Zoals dit voorjaar gemeld had de gemeente Tubbergen de eigenaar van de boerderij gedreigd met een zogenoemde last onder dwangsom .,1
205,,,Ondertussen dreunt de oekaze die in mei werd opgelegd door de zes deelnemende gemeenten om te stoppen met het sociale werkbedrijf in Almelo nog steeds na bij alle werknemers .,1
206,,,"Andere oppositiepartijen vinden dat er juist eerder ingegrepen had moeten worden , omdat er volgens hen bij eerdere debatten over de nachtvergunningen al signalen waren van belangenverstrengeling .",1
207,,,"De fractie spreekt over "" karaktermoord op twee hardwerkende wethouders "" .",1
208,,,"Een van de ondernemers die Groep De Mos steunt , Atilla Akyol , zou geld aan de partij hebben gegeven in ruil voor vertrouwelijke informatie over het stadsbestuur .",1
209,,,Maar de vergunning van de provincie laat meer toe dan de gemeenteraad eist .,1
210,,,"Hoe dan ook : feit is dat de VVD , D66 en Groen Links het vertrouwen in Groep De Mos hebben opgezegd .",1
211,,,Ze hoopt dat ze bij de aankomende jaarwisseling nog burgemeester van de Hofstad is .,1
212,,,"De partijen stellen dat Den Haag "" boven alles moet kunnen vertrouwen op een integer stadsbestuur dat boven alle verdenkingen verheven is , en dat de belangen van alle Hagenaars dient "" .",1
213,,,Hier wil het college van B&W in principe mee akkoord gaan .,1
214,,,Politieke tegenstanders valt het op dat Groep De Mos zich in de gemeenteraad hard maakt voor deze ondernemers .,1
215,,,Dat de staatssecretaris feitelijk niet gaat over de invulling en de verantwoordelijkheid van de desbetreffende gemeenten doet daar niets aan af .,1
216,,,Wat een smerige vorm van chantage in deze gemeente : https://t.co/rFTp083x0B,1
217,,,Onder deze gunsten valt volgens justitie het krijgen van vertrouwelijke informatie uit het stadsbestuur .,1
218,,,Een kwart van de deelnemers vindt dat de burgemeester gewoon kan blijven zitten .,1
219,,,De woonboerderij is al een kleine twee jaar onderwerp van discussie nadat omwonenden een brandbrief naar de gemeente hadden gestuurd .,1
220,,,"De drie voormalige coalitiepartijen Groen Links , VVD en D66 hadden de motie tijdens een ingelast debat ingediend voor het geval dat de wethouders van Groep de Mos niet wilden terugtreden .",1
221,,,"Krikke gaat dat debat "" met open vizier tegemoet "" .",1
222,,,Binnen de gemeenteraad van Den Haag lopen de meningen ver uiteen .,1
223,,,De wethouders herkennen zich niet in de verdachtmakingen .,1
224,,,"Daarom hebben we onze verantwoordelijkheid genomen , om niet de schijn van integriteitsschending boven ons stadsbestuur te hebben .",1
225,,,De Onderzoeksraad stelde vast dat de gemeente om de vrede met de bouwers te bewaren onverantwoorde risico 's heeft genomen .,1
226,,,De Mos en Guernaoui traden dinsdag al tijdelijk terug op verzoek van burgemeester Pauline Krikke .,1
227,,,Het is een reeks waar Enschede allesbehalve trots op zal zijn : de gemeente bezuinigt voor de tiende begroting op rij .,1
228,,," Een bijeenkomst is pas compleet als Emile er bij is geweest en er verslag van heeft gedaan "" , vonden de Leidse burgemeester en wethouders , die de erepenning toekenden .",1
229,,,"Zo vindt bijvoorbeeld de PVV het besluit te drastisch , omdat de wethouders nog enkel verdachten zijn .",1
230,,,"Ondanks dat de gemeente de veiligheid van bij de vreugdevuren wilde waarborgen , kregen ze geen steun van de bouwers , die de afspraken overtraden .",1
231,,,De burgemeester is verantwoordelijk voor de openbare orde en veiligheid .,1
232,,,"Hulpdiensten zoals de brandweer en de politie moeten de gemeente gevraagd en ongevraagd bijstaan met deskundig en kritisch advies , vindt de raad .",1
233,,,"Sterker en strijdbaarder dan ooit "" , zei hij over het opzeggen van het vertrouwen door zijn coalitiepartners .",1
234,,,"Geen politici die besluiten voor en over burgers nemen , maar burgers die de politici adviseren over besluiten in de toekomst .",1
235,,,"VVD , D66 en Groen Links maakten vanmiddag bekend de samenwerking met Hart voor Den Haag/Groep de Mos op te zeggen .",1
236,,,De visiemakers werd gevraagd over wat misschien belangrijk kan zijn in de toekomst van hun gemeente .,1
237,,,De gemeente maakte er met Hans Meibergen een ' spierballengevecht ' van .,1
238,,,De Raad is nu klaar met alle juridische uitvluchten die de gemeente telkens bedacht om uitzetting van de bewoners te voorkomen .,1
239,,,"De overige coalitiepartijen zeggen in een gezamenlijk statement dat "" dat er daarna hard gewerkt moet worden aan een stabiel stadsbestuur dat kan rekenen op een meerderheid in de Haagse gemeenteraad "" .",1
240,,,"Met deze vergunningen kunnen duidelijke afspraken worden gemaakt , hebben de burgers ook inspraak en kunnen de politie en brandweer zowel gevraagd als ongevraagd advies geven .",1
241,,,Muziekhandelaar Hans Meibergen moest onder druk van de gemeente een einde maken aan de bewoning van zijn bedrijfspand aan de Kamperstraat .,1
242,,,De gemeente Zwolle wil allerlei buurtinitiatieven meer zichtbaar maken .,1
243,,,De gemeente Staphorst stelt ook dit jaar een geldbedrag beschikbaar waarmee de waardering en erkenning voor mantelzorgers wordt uitgesproken .,1
244,,,"Verder moet de gemeente beter gebruik maken van de ervaringen van eerdere jaarwisselingen en ervoor zorgen dat de organisatoren van de vuren bekend zijn , zodat die aangesproken kunnen worden op hun verantwoordelijkheid .",1
245,,,De eigenaar van de boerderij aan de Ossendijk had van de gemeente tot 1 oktober de gelegenheid gekregen om een einde te maken aan de illegale huisvesting van Poolse arbeiders .,1
246,,,In de uitsterfregeling kan de gemeente nu regelen dat de bewoners er tot aan hun dood of definitieve vertrek uit de woning mogen blijven .,1
247,,,"De Haagse ondernemer John van Zweden , die Groep De Mos ook al jaren steunt , zegt in het AD dat het om  een vooropgezet plan van rancuneuze linkse partijen gaat  .",1
248,,,In januari vond 54 procent van de deelnemers aan Wat vindt Nederland ? dat burgemeester Krikke moest opstappen .,1
249,,,Volgens de woordvoerder is geen enkel monument in Kampen meer veilig als welstandsadviezen zo makkelijk worden afgehandeld .,1
250,,,De gemeente Groningen hield woensdag een spoeddebat over de kraakactie .,1
251,,,Volgens wethouder Sharon Dijksma van Verkeer & Vervoer is het belangrijk om mensen aantrekkelijke alternatieven te bieden voor de auto als de stad het autoverkeer wil verminderen .,1
252,,,Vanwege het getraineer is de gemeente ook veroordeeld tot een schadevergoeding van duizend euro voor Meibergen .,1
253,,,"In een vernietigend rapport schreef de raad vanochtend dat de gemeente wist dat de bouwers zich niet hielden aan gemaakte afspraken , maar niet ingreep .",1
254,,,Het Haagse college van B&W neemt de aanbevelingen van de Onderzoeksraad daarom volledig over .,1
255,,,"Vandaag zegden de andere coalitiepartijen , VVD , D66 en Groen Links , het vertrouwen op in Hart voor Den Haag/Groep de Mos , waarmee het Haagse college viel .",1
256,,,"Overigens legde het gemeentebestuur een jaar geleden ook al eens een dwangsom van 20.000 euro op , waarbij de boer eveneens een ultimatum kreeg .",1
257,,,Staphorst moet bezuinigen en niet zo’n beetje ook .,1
258,,,"Momenteel is ze nog tot haar benoeming in Almelo , algemeen directeur/gemeentesecretaris van de gemeente Oost Gelre .",1
259,,,"HSP-leider Joris Wijsmuller , wethouder in het vorige bestuur , noemt het nieuws “ ontluisterend en choquerend , maar we wisten dat dit ooit zou kunnen gebeuren .",1
260,,,"Het protest was goedgekeurd door de burgemeester van Moskou , waardoor het onwaarschijnlijk is dat er vandaag veel arrestaties verricht zullen worden.",1
261,,,"De gemeente weigerde aanvankelijk , er staan al drie molens in Rouveen , maar ging onder dreiging van een Provinciaal Inpassingsplan door de bocht .",1
262,,,"Een verhoging van tien procent , hiermee gaat de gemeente Ommen zich de markt uit prijzen "" , waarschuwde Hagedoorn toen.",1
263,,,""" Kortom : ik gebruikte de fractie-ondersteuning niet om gezeur te voorkomen . """,1
264,,,"Fractievoorzitter Daniëlle Koster van het CDA wil nog geen conclusies trekken : "" Dat doen we pas aan het eind van het debat volgende week .",1
265,,,"Gemeenten kampen met grote financiële tekorten sinds de invoering van de Jeugdwet in 2015 , toen zij verantwoordelijk werden voor de jeugdhulp .",1
266,,,"Het referendum wordt , kortom , als mogelijkheid gezien om de politieke betrokkenheid van inwoners van een gemeente een nieuwe impuls te geven .",1
267,,,Everhardt stapt na negen jaar wethouderschap in Utrecht over naar de hoofdstad .,1
268,,,"Het is niet duidelijk of dat betekent dat de jongeren in die gemeenten zich aan de regels houden , of dat er in de desbetreffende gemeente niet of nauwelijks wordt gecontroleerd .",1
269,,,"Het is haar gelukt om met een afwijkend verhaal vijf zetels te winnen "" , zegt politiek verslaggever Xander van der Wulp .",1
270,,,"De provincie , de gemeente en Langezaal zeggen dat de vergunning wel voldoet aan de voorwaarden van de gemeenteraad .",1
271,,,"Intussen is dat aan het veranderen . ’ ’ Van Rie : "" De gemeente heeft het deels al opgepakt door gebiedsmanagers aan te stellen .",1
272,,,‘ Vanaf 2015 zijn gemeenten heel druk geweest met de transitie en nu komen we toe aan de daadwerkelijke transformatie .,1
273,,,Toch gedoogt de gemeente Deventer al jarenlang dat voormalige bedrijfswoningen worden bewoond door bewoners die geen binding ( meer ) hebben met een bedrijfsvestiging .,1
274,,,"In de praktijk blijken gemeenten wel te controleren , want ingeschreven zijn op een adres zonder woonbestemming is een uitzonderingssituatie .",1
275,,,"Omdat de Rijkssubsidies voor sociale werkplaatsen flink worden teruggeschroefd , zien de gemeenten geen toekomst meer in het bedrijf .",1
276,,,Met het opknappen van de wijk de Laarakkers vraag het college zich af of er ook niet andere wijken in Ommen zijn waar dezelfde opgaven spelen .,1
277,,,"Een andere aanbeveling die hij doet , is om voorlopende gemeenten te betrekken bij het ontwikkelen van standaarden .",1
278,,,"‘ Het belang van rekenkameronderzoek wordt in die gemeenten niet ingezien ’ , aldus de toelichting .",1
279,,,"Voor de beoordeling van de resultaten van het evaluatieonderzoek is door de gemeente een beoordelingskader opgesteld , waarin criteria zijn opgenomen . “",1
280,,,""" Wij vinden het als coalitiepartijen bestuurlijk onverantwoord als we deze ontwikkelingen voorbij laten gaan . """,1
281,,,"Aanleiding was het corruptie-onderzoek tegen twee wethouders van deze lokale partij , onder wie naamgever Richard de Mos zelf.Vanaf dat moment was het college van burgemeester en wethouders zijn meerderheid in de gemeenteraad kwijt .",1
282,,,‘ Drie gemeenten ( alle drie met minder dan 20.000 inwoners ) geven aan dat er geen vormen van mensenhandel lijken voor te komen in de gemeente . ’,1
283,,,Vanaf het jaar 2030 rijden er in de gemeente Groningen alleen nog maar schone vuilniswagens .,1
284,,,"Tegelijk heeft de gemeente het tekort op de jeugdzorg van rond 18 miljoen prima opgelost in de begroting , zegt Van Dellen.",1
285,,,Volgens de gemeente zal ‘ in navolging van de landelijke tijdgeest de uitstraling van de sinterklaasoptocht in Deventer moeten veranderen . ’,1
286,,,Intussen loopt er een WOB-procedure bij de gemeente om te achterhalen hoe dit nadere advies tot stand is gekomen .,1
287,,,Niemand heeft zich gemeld binnen deze termijn en dus zal formeel de gemeenteraad waarschijnlijk nog deze week aangifte doen .,1
288,,,"Wel dreigt de algemene reserve zonder aanvullende maatregelen in de huidige planperiode beneden de door de gemeente zelf benoemde ondergrens te komen . """,1
289,,,Ook de betrokken gemeenten en het waterschap verzetten zich .,1
290,,,Zwolle werkt aan een nieuw LHBT-beleid .,1
291,,,"Vanuit de coalitie ' Onze buurt De Posten ' werken we de komende jaren samen met Gemeente Enschede , woningcorporatie Domijn en Woonzorg Nederland én een heleboel partners aan het creëren van een duurzame buurt .",1
292,,,B en W van Staphorst stellen aan de gemeenteraad voor de OZB te verhogen met vier keer tien procent .,1
293,,,"Als het aan de Hellendoornse GroenLinks-fractie ligt , is Henk Nijhof de opvolger van tijdelijk wethouder Willem Joosten .",1
294,,,Het zit de recreatieondernemers vooral dwars dat ze door de gemeente niet tijdig zijn geïnformeerd over de voorgenomen doorvoering van de inflatiecorrectie .,1
295,,,De VBU-voorzitter zegt dat dit totaal genegeerd is door de gemeente .,1
296,,,Voormalig VVD-minister Johan Remkes wordt met ingang van 12 oktober benoemd tot waarnemend burgemeester van Den Haag.,1
297,,,Er wordt wel eens ‘ vals gespeeld ’ bij de keuring die door gemeente en hulpmiddelenleverancier Kersten werd uitgevoerd .,1
298,,,Ook komt er hulp voor ondernemers die onder de handel gebukt gaan.,1
299,,,Actiegroep 1037 Against Animal Cruelty heeft op 28 september aangifte gedaan tegen de Gemeente Sittard-Geleen omdat de gemeente zorg zou onthouden aan de karpers in de kweekvijver van De Driepoel in Geleen.,1
300,,,De Liesselse familie Van Ooij heeft bij de politie aangifte gedaan tegen wethouder Helm Verhees van de gemeente Deurne. ,1
301,,,"Ze is positief over de toekomst, ook al zegden de vier wethouders van de gemeente Haaren in februari het vertrouwen in haar op en bracht zij daardoor haar laatste acht maanden als burgemeester met ziekteverlof thuis door. ",1
302,,,Het CDA roept de gemeente op om stikstofplaatsingsruimte binnen de gemeente goed vast te leggen naar het advies van de commissie Remkes.,1
303,,,De vergadering van de gemeenteraad over de uitkomsten van het OVV-rapport over vreugdevuren gaat voorlopig niet door vanwege het opstappen van burgemeester Krikke.,1
304,,,Dit amendement heeft de strekking dat het niet wenselijk is dat de ter plaatse aanwezige (volgens het amendement kleinschalige) bijenhouderij de huur wordt opgezegd als de overlast van het houden van bijen voor de nieuw te bouwen woningen niet kan worden tegengaan door de groenstrook (overwogen zou dan kunnen worden schermen te plaatsen).,1
305,,,"Dit is volgens Michel Hardeman (CDA) in strijd met het op 11 juli aangenomen amendement van VVD, CU en GBW. ",1
306,,,"Coalitiepartijen CDA, GroenLinks en Nieuw Elan dienden dit amendement in samen met oppositiepartijen D66, SGP, WKB, ChristenUnie en PvdA. ",1
307,,,B en W willen desondanks dat er in de dorpen wordt gebouwd.,1
308,,,Het college van B&W presenteert de gemeenteraad in april een pakket maatregelen die de uitgaven in het sociaal domein beter in de pas laten lopen met het beschikbare budget.,1
309,,,De gemeente Loppersum heeft de begroting voor komend jaar met moeite rond gekregen.,1
310,,,"Daar bleef het gisteravond niet bij. Ter Keurs zei dat de gemeente juist vanwege de interne reorganisatie behoefte heeft aan ,,rust en nieuwe energie”. ",1
311,,,Het zou te veel tijd kosten en een groot deel van de gemeenteambtenaren zou daarom aan het college van Burgemeester & Wethouders adviseren om het experiment niet door te zetten.,1
312,,,Het college van burgemeester en wethouders van de gemeente Steenwijkerland voelt vooralsnog weinig voor de bouw van een nieuwe school voor het voortgezet onderwijs.,1
313,,,Burgemeester en wethouders willen eerst toch nog eens bekijken hoe de dienstverlening naar de inwoners het beste opgezet kan worden.,1
314,,,"Burgerinitiatief BUIN, dat zich inzet voor een behoud en een levensvatbare toekomst van het Kulturhus, opperde dat ook al.",1
315,,,Bewoners voelen zich bij burgerinitiatief tegengewerkt door gemeente: ‘Een onnodig langslepende zaak’,1
316,,,Het college van de gemeente Oldambt viel toen de SP begin september aangaf zich niet te kunnen vinden in de aangekondigde bezuinigingen.,1
317,,,Wat weten we na een urenlang debat over het ontslag van burgemeester Harald Bouman van Noordoostpolder?,1
318,,,"Hoewel concrete cijfers ontbreken, stelt de commissie, aan de hand van de interviews en een onderzoek van de GGD uit 2016, dat de Zundertse jeugd meer drinkt dan jongeren in andere gemeenten.",1
319,,,De avond kan echter ook de bevestiging zijn van een blijvend gebrek aan dualisme. ,1
320,,,Tijdens de vergadering maakte wethouder en locoburgemeester Mattias Gijsbertsen bekend dat den Oudsten benoemd is tot ereburger van de gemeente Groningen.,1
321,,,De gemeenteraad van Zwolle heeft het ereburgerschap toegekend op voordracht van het college van B&W.,1
322,,,De SP-fractie in de gemeente Midden-Groningen steunt alsnog de bezuinigingen op de jeugdzorg en de Wmo.,1
323,,,"Waar Warnier zich naar eigen zeggen 'tegengewerkt' voelde door zijn inmiddels ex-fractie, beticht die op haar beurt Warnier van 'zetelroof'. ",1
324,,,Fractievoorzitter Govert Geldof uit Tzum van SAM Waadhoeke stapt per 1 december uit de gemeenteraad.,1
325,,,"Maar plotseling moest er op aandrang van de PvdA een fractievoorzittersoverleg komen', legt Modderman uit.",1
326,,,Tevens; wanneer is het fractievoorzittersoverleg van een hogere orde dan de Gemeenteraad?,1
327,,,"Burgemeesters en wethouders van de gemeenten Appingedam, Delfzijl, Loppersum en Het Hogeland hebben overeenstemming bereikt over de ontbinding van de gemeenschappelijke regeling WO DEAL per 1 januari 2021.",1
328,,,"Dit uit onvrede over de extra kosten die steeds in rekening worden gebracht, en de beperkte invloed die de gemeente op de gemeenschappelijke regeling heeft",1
329,,,"Het veelbesproken plan om een einde te maken aan de gemeenschappelijke regeling met Almelo, Wierden, Rijssen-Holten, Hellendoorn en Tubbergen roept bij CDA Twenterand veel vragen op.",1
330,,,Bewoners oude school Hemelrijken in schoolstrijd tegen gemeente Eindhoven,1
331,,,Woonwagenbewoners in Nuenen kunnen het met de gemeente niet eens worden over plannen voor de woonwagenkampen Kremersbos en Bosweg.,1
332,,,De gemeenteraad van Apeldoorn wil een algeheel verbod op het afsteken van vuurwerk in de gemeente. ,1
333,,,Diverse maatschappelijke organisaties togen dinsdagavond naar de raadszaal in Goirle om de gemeenteraad veel wijsheid te wensen bij het maken van vele moeilijke keuzes. ,1
334,,,Directeur Hanneke Bruggeman luidt de noodklok in een brief aan de gemeenteraad.,1
335,,,Adri van Zweden moet tegen haar zin in vertrekken als gemeenteraadslid in de gemeente Woensdrecht.,1
336,,,"Marga Schoots geeft haar zetel in de VVD-fractie van de Provinciale Staten op, om actief te blijven als gemeenteraadslid in Elburg.",1
337,,,Harby Scheper uit Sellingen wordt per 1 november benoemd als nieuwe gemeentesecretaris van de gemeente Westerwolde.,1
338,,,Louk Bongarts heeft ontslag genomen als gemeentesecretaris van Valkenburg om wethouder in Beekdaelen te worden. ,1
339,,,",,Met Christien Bronda hebben we een fantastische gemeentesecretaris binnengehaald, met liefde voor stad en ommeland, brede ervaring binnen grote overheidsorganisaties en een groot netwerk in het Noorden en in Den Haag.’’",1
340,,,",,De cursus past bij het streven om inwoners meer bij de gemeente en de gemeentepolitiek te betrekken”, zegt griffier Toon Dashorst van de Groningse gemeenteraad.",1
341,,,De Weesper griffier houdt zich graag bezig met het betrekken van inwoners bij de politieke besluitvorming.,1
342,,,De gemeente Maastricht gaat niet in hoger beroep tegen de uitspraak van de rechter in de spionagezaak.,1
343,,,Een hoger beroep van de gemeente en de provincie bij de Raad van State heeft niets uitgehaald. ,1
344,,,Oud-raadslid Joeri Oudshoorn van de Haagse Stadspartij wijst op meer zaken in de gemeente die vragen zouden oproepen over integriteit.,1
345,,,Zijn benoeming werd overschaduwd door de twijfel die de oppositie heeft over zijn integriteit.,1
346,,,Dat was de inzet van het hoger beroep van de tweede rechtszaak tussen de gemeente Amsterdam en delizaak Vinnies.,1
347,,,"Het debat was aangevraagd door de VVD, die daarvoor het stevige middel van een interpellatie had ingezet.",1
348,,,"Wij zullen u zeker verder op de hoogte houden van de bespreking met de nieuwe Vlaamse minister en wij danken u nogmaals voor uw interpellatie over dit dossier”, aldus de schepen.",1
349,,,"Voor het eerst in zijn bestaan heeft de SGP een mediator van buitenaf ingeschakeld, in deze zaak. ",1
350,,,"Gemeenten zien zich genoodzaakt om mediators in de arm te nemen omdat burgers steeds mondiger worden, zegt Aik Kramer, onafhankelijk mediator.",1
351,,,De gemeenteraad nam een jaar geleden een motie aan om de bekladde tunnels van de Hoge Steenweg en de Duinlaan schoon te maken en ze dan door een kunstenaar te laten beschilderen. ,1
352,,,Gemeenteraad stemt motie tegen geplande windmolens: “We halen alles uit de kast om huidige project tegen te houden”,1
353,,,Wethouder Daan de Kort reikte haar de onderscheiding uit.,1
354,,,Griffier Gerard Vrenken ontving donderdagmiddag 24 oktober 2019 een Koninklijke Onderscheiding uit handen van Burgemeester Theo Weterings. ,1
355,,,Vooral een hogere uitkering van het Rijk van 938.000 euro maakt dat de lopende begroting in het groen blijft met een overschot van  141.157 euro.,1
356,,,"De meerjarenbegroting van de gemeente laat een overschot zien in alle jaren, voor de jaren 2021 en 2022 bedraagt dit iets meer dan € 400.000,-.",1
357,,,"Dat overschot van negen miljoen was vooral te danken aan hogere opbrengsten door de verkoop van bouwgrond, doordat er minder geld wordt uitgegeven aan de inhuur van personeel en door de bezuinigingen op de uitgaven in het sociaal domein, de gemeentelijke afdeling zorg, welzijn en bijstand. ",1
358,,,"„Wij hebben het bestuur meermaals aangesproken op de achterstand”, informeerde wethouder Louis Koopman de raad.",1
359,,,"Het college wil 60.000 euro subsidie extra te verstrekken, maar ook dat is niet genoeg, liet directeur-bestuurder Ans Mebelder weten aan het college.",1
360,,,Het raadslid beseft dat een vuurwerkverbod niet zonder slag of stoot kan worden ingevoerd.,1
361,,,Nieuw raadslid GroenLinks wil Leidse kinderarmoede aanpakken: “Iedereen moet mee kunnen doen”,1
362,,,Waalwijk en ‘bezetters’ voortuintjes op ramkoers; gemeente belt bewoners en kondigt rechtszaken aan,1
363,,,"Het dieptepunt is bereikt met een rechtszaak tegen de gemeente, die hun woning drie maanden wil sluiten vanwege de Opiumwet.",1
364,,,Gemeente verliest rechtszaak en moet rapporten Oosterwold verstrekken,1
365,,,Dat stelt de Rekenkamer Barendrecht in haar vandaag verschenen rapport ‘In gebreke gebleven.,1
366,,,"In een nieuwe notitie die dinsdag openbaar wordt gemaakt, zegt de rekenkamer dat de gemeente Rotterdam herhaaldelijk overmoedig is, daardoor te veel financiële risico's neemt en meer moet leren van het verleden.",1
367,,,"Dat concludeert de Rekenkamer in Rotterdam na onderzoek naar het debacle met het Warmtebedrijf, in een rapport dat morgen wordt gepresenteerd.",1
368,,,"Het Rekenkameronderzoek is politiek gevoelig, omdat Visser en Berg momenteel sleutelposities hebben rond het beoogde nieuwe Feyenoord-voetbalstadion aan de Nieuwe Maas.",1
369,,,De gemeente wil de organisatie ‘slagvaardiger en efficiënter maken’ en dan weten de medewerkers wel wat hen te wachten staat: een flinke reorganisatie. ,1
370,,,"We staan voor een enorme reorganisatie”, aldus de burgemeester van Ieper. ",1
371,,,"Nu Westerkwartier voor een forse financiële opgave staat, wordt (op termijn) bekeken of vormen van outplacement mogelijk zijn.",1
372,,,De gemeenteraad van Midden-Groningen houdt dinsdagavond 29 oktober op initiatief van D66 een spoeddebat over het gasbesluit.,1
373,,,"De gemeenteraadsfracties van de VVD, Stadspartij en het CDA willen woensdag een spoeddebat over de kraak van een pand van drukkerij Heykens aan de Akerkstraat in Groningen.",1
374,,,"De gevraagde dwangsom wordt niet opgelegd, omdat de rechter vertrouwt op de toezegging van de gemeente dat zij zich vrijwillig aan het vonnis zal houden.",1
375,,,Het beleidsplan is – na toezeggingen van de verantwoordelijke wethouder Collin Stolwijk - unaniem door de gemeenteraad aangenomen.,1
376,,,Wethouder Joep Pernot van Nuenen heeft voor de tweede keer  verwarring veroorzaakt bij de presentatie van zijn begroting. ,1
377,,,Loeff heeft meteen laten weten dat Frank Broedelet zijn zetel in de raad zal innemen.,1
378,,,Ze hebben geen vertrouwen in wethouder Caroline van Brakel en keren zich bovendien tegen een nieuwe projectleider.,1
379,,,"Vandaar dat wij het vertrouwen in de coalitie opzeggen.""",1
380,,,"De burgemeester is niet verantwoordelijk voor de bestuurlijke integriteit, maar voor het bevorderen van de bestuurlijke integriteit.’",1
381,,,Mark van den Broek is de nieuwe voorzitter van het CDA Dongen – ’s Gravenmoer. ,1
382,,,Voorzitter Sebastiaan Wolswinkel van de Partij voor de Dieren (PvdD) is door het bestuur uit de partij gezet.,1
383,,,Wethouder Jan Menninga van Financiën is blij met de sluitende begroting: “Ondanks de stevige financiële agenda van de gemeente Delfzijl en het feit dat de gemeente nog maar één jaar zelfstandig zal bestaan heeft het college ook voor 2020 de ambitie invulling te geven aan belangrijke thema’s.,1
384,,,"Tijdens het werkbezoek werd de samenwerking tussen de gemeente, het Da Vinci College en andere betrokken partijen in de arbeidsmarktregio Gorinchem onderstreept.",1
385,,,"Dat meldt gemeente Amstelveen in een persbericht, na een werkbezoek van burgemeester van Amstelveen Tjapko Poppens aan Lelystad Airport.",1
386,,,"Dit heeft de stad een beperking op de accountantsverklaring opgeleverd, een standje van de huisaccountant.",1
387,,,De ongefundeerde kritiek van wethouder Winnie Prins op het RIVM schaadt de positie van de gemeente Zeewolde op het ministerie van Volksgezondheid.,1
388,,,In een reactie gaat wethouder Henk Doeven van de gemeente Westerveld diep door het stof.,1
389,,,Dat blijkt uit het nieuwe financiële toezichtsrapport van de artikel 12-inspectie die optreedt als financiële voogd van de gemeente.,1
390,,,"Bodegraven-Reeuwijk De gemeente Bodegraven-Reeuwijk wil haar inwoners, naast de traditionele kanalen, ook door middel van een korte (video) nieuwsflits op de hoogte houden van actuele onderwerpen die op de agenda staan.",1
391,,,"De week kan zo maar worden gevuld met een werkbezoek aan een bedrijf, op stap gaan voor een officiële handeling met de kinderburgemeester, het ontvangen van een minister, op een plek ergens in de gemeente met het voltallige college met inwoners in gesprek gaan en het nemen van een besluit over het tijdelijk sluiten van een bedrijf in het kader van orde en veiligheid, dat hoort er ook bij.",1
392,,, Het zou te veel tijd kosten en een groot deel van de gemeenteambtenaren zou daarom aan het college van Burgemeester & Wethouders adviseren om het experiment niet door te zetten.,1
393,,,"Borrels, recepties, vergaderlunches en andere evenementen worden dus in principe vegetarisch, heeft het college van Burgemeester & Wethouders besloten, melden AT5 en NH Media.",1
394,,,"Het veelbesproken plan om een einde te maken aan de gemeenschappelijke regeling met Almelo, Wierden, Rijssen-Holten, Hellendoorn en Tubbergen roept bij CDA Twenterand veel vragen op.",1
395,,,"Ook die onrust is nog niet voorbij. Voor het eerst in zijn bestaan heeft de SGP een mediator van buitenaf ingeschakeld, in deze zaak. ",1
396,,,Voorzitter Sebastiaan Wolswinkel van de Partij voor de Dieren (PvdD) is door het bestuur uit de partij gezet.,1
397,,,Bezoekers blijken het lastig te vinden dat te zien ze denken dat de gemeente dat allemaal wel blijft betalen,1
398,,,Burgemeester Ineke Bakker van Urk reikte zaterdag het lintje uit aan de oud Staphorstse die al jaren met haar gezin in Rio woont,1
399,,,Coalitiepartijen D66 CU en ook de twijfelkonten van het CDA wensen geen autonome groei op Lelystad,1
400,,,Daarna volgden de bevindingen van de jury en sprak wethouder Jeroen Diepemaat het verlossende woord,1
401,,,De financile situatie van de gemeente is een stuk beter dan een aantal jaren geleden vinden de recreatieondernemers,1
402,,,De gemeente hecht veel waarde aan de gezamenlijkheid van de drie scholen,1
403,,,De gemeente wil geen grote stenen vlakte die als plein moet dienen,1
404,,,De gemeente zal hier geen geld in stoppen wat betekent dat een aantal geplande wijzigingen aan de weg niet uitgevoerd gaan worden,1
405,,,De gemeente Zwolle wil op deze wijze buurtinitiatieven meer zichtbaar maken,1
406,,,De Haagse oppositie ziet weinig hoop meer voor het college,1
407,,,De recente discussie over de noodzakelijke stikstofreductie zal een extra argument zijn om aan deze motie vast te houden,1
408,,,De wethouder wil wel graag verder in gesprek met de sector,1
409,,,Dit geeft ons energie en daar zijn we trots op zegt Jolanda Van der Veer directeurbestuurder Sport Service Zwolle,1
410,,,Door de recreatieondernemers wordt ook gepleit voor een zogenaamd Vechtdaltarief een gelijk tarief in de drie Vechtdal gemeenten,1
411,,,Een verhoging van tien procent hiermee gaat de gemeente Ommen zich de markt uit prijzen waarschuwde Hagedoorn toen,1
412,,,GB vindt dat de gemeenteraad nauwelijks een stem had in de locatiekeuze,1
413,,,Gemeente Enschede is partnergemeente en maakt twee minibossen mede mogelijk,1
414,,,Grinwis noemt de crisis zo slecht voor het aanzien van het college,1
415,,,Haaksbergen zal niet de enige gemeente zijn die hard geraakt wordt door een lagere Rijksbijdrage en de hoge uitgaven in het sociaal domein,1
416,,,Herrit Brinkman raadslid voor het CDA en voorzitter van de werkgeverscommissie is blij met de komst van Voortman,1
417,,,Het college erkend dat deze exacte verhoging vooraf niet is gecommuniceerd,1
418,,,Het onderzoek levert belangrijke informatie op waardoor we nog beter kunnen inspelen op wat onze jeugd nodig heeft,1
419,,,Hoe een jonge zuigeling de toekomst van de burgemeester van Rouveen Tinus flink in de war kan schoppen,1
420,,,In een verklaring schrijf Hart voor Den HaagGroep de Mos dat er karaktermoord op de wethouders wordt gepleegd,1
421,,,Maar volgens het college waren de ondernemers wel degelijk genformeerd over de naderende inflatiecorrectie,1
422,,,Nu is de steunbalk van het college de grootste partij in de raad weggevallen,1
423,,,Ook de Haagse Stadspartij HSP en de Partij voor de Dieren twijfelen aan de toekomst van het college,1
424,,,Sporten is volgens wethouder Ko Scheele erg belangrijk,1
425,,,Staphorst Staphorst moet bezuinigen en niet zo n beetje ook,1
426,,,Thieme is niet geneigd om compromissen te sluiten,1
427,,,Wethouder Scheele beaamde eerder deze maand dat de gemeentelijke schatkist inderdaad momenteel beter gevuld is,1
428,,,Wij hebben altijd naar eer en geweten gehandeld en zien de uitkomsten van het onderzoek dan ook met vertrouwen tegemoet,1
429,,,Ze kreeg daar een bos bloemen van de Wethouder en een presentje van het bestuur,1
430,,,Zij had publiekelijk racisme machtsmisbruik en pesten binnen de politieorganisatie aan de kaak gesteld,1
431,,,Zo kunnen ook gezondheidskansen op landelijk regionaal en gemeenteniveau gesignaleerd worden,1
432,,,De gemeente Zwolle Koninklijke BAM Pro Rail en Setzpfandt hebben de Thringer staatspreis gewonnen voor de Schuttebusbrug in Zwolle,1
433,,,het besluit van college b en w valt niet in goede aarde,1
434,,,48 procent van de gevraagde gemeenteambtenaren vreest dat de digitale toolkit niet voldoet aan de eisen,1
435,,,aan het begin van de vergadering complimenteerde de raad de nieuwe opzet van de begroting,1
436,,,alle fracties in de gemeenteraad van dalfsen staan positief tegenover het nemen van een proef met tiny houses,1
437,,,almelo heeft zijn huiswerk niet gedaan zegt jan jaap de ruiter,1
438,,,baacke voegt hieraan toe dat de gemeente wel doof lijkt,1
439,,,beter dan verwacht zegt ema bestuurslid nol wathion,1
440,,,bij de inwoners is er volgens de burgemeester vooral sprake van verbijstering en ongeloof,1
441,,,bijkans heilig noemde wijlen burgemeester eberhard van der laan van amsterdam het recht op demonstreren,1
442,,,bomenspecialist alards is blij met de beslissing van de gemeente,1
443,,,bovendien functioneert de algemene voorziening nu prima vindt de wethouder,1
444,,,burgemeester femke halsema is ambivalent over een moreel appl aan drugsgebruikers erkent ze,1
445,,,burgemeester femke halsema toonde zich ook geen voorstander van het plan,1
446,,,burgemeester gerritsen toonde zich zeer verbolgen de gang van zaken,1
447,,,burgemeester hans vroomen is ook tevreden met de oefening van vandaag,1
448,,,burgemeester ron knig gaf eerder aan signalen te hebben dat voor niet iedereen sinterklaas in deventer een feest is,1
449,,,burgemeesters arjen gerritsen toonde zich direct na afloop zeer verbolgen over de gang van zaken,1
450,,,daar is arjen kapteijns fractievoorzitter van groen links in den haag het volkomen mee eens,1
451,,,daarmee scoort deze groep veel beter dan vorig jaar aldus woordvoerder ton kamp van de gemeente,1
452,,,dat netwerk komt onvoldoende snel van de grond door een gebrek aan geld bij gemeenten,1
453,,,de actiegroep vindt dat burgemeester john jorritsma zich niet moet bemoeien met het sinterklaasfeest,1
454,,,de burgemeester laat weten enorm geschrokken te zijn van de uitkomsten,1
455,,,de burgemeester maakte zich zorgen over de de kwaliteit van de zorg en de veiligheid van de cliënten,1
456,,,de burgemeester van schiedam cor lamers is ook blij met de green deal,1
457,,,de fractie spreekt over karaktermoord op twee hardwerkende wethouders,1
458,,,de gemeente almelo liet deze week weken een eventuele fusie van de twee stichtingen te willen steunen,1
459,,,de gemeente alphen aan den rijn kan niet handhaven,1
460,,,de gemeente deed echter te weinig om de afspraken te handhaven,1
461,,,de gemeente hardenberg maakte een nieuw plan dat vandaag zeer kritisch werd ontvangen door de raad van state,1
462,,,de gemeente is aan het pionieren zegt jeffrey schouten sociaal rechercheur bij de gemeente,1
463,,,de gemeente onderkent het probleem van de tien singels,1
464,,,de gemeenteraad kon de begroting in zijn algemeenheid wel waarderen,1
465,,,de gemeenteraad mag bij zichzelf te rade gaan over hoe deze gemeente bestuurd moet worden,1
466,,,de gemeenteraad van den haag heeft geen vertrouwen meer in de wethouders richard de mos en rachid guernaoui,1
467,,,de griffie van de gemeente den haag meldt dat de fractievoorzitters hun waardering uitspraken voor de snelle benoeming,1
468,,,de huidige verdeling van de middelen over de gemeenten is niet meer adequaat,1
469,,,de inbreng van inwoners is volgens wethouder mariska ten heuw van groot belang,1
470,,,de politie zegt te begrijpen dat inwoners ongerust worden,1
471,,,de rol van de burgemeester in de lokale democratie is een onderwerp dat thom de graaf op het lijf is geschreven,1
472,,,de zichtbaarheid en laagdrempeligheid van de gemeentelijke toegang tot de jeugdzorg kan beter,1
473,,,deze afwijkingen kunnen ieder op zich als bijzonder ernstig worden gekwalificeerd aldus de gemeente eind 2005,1
474,,,deze criminele activiteiten tolereren wij niet in onze stad zegt de oldenzaalse burgemeester patrick welman,1
475,,,deze week maakte ook de provincie drenthe bekend zich zorgen te maken om de gemeentefinancieën,1
476,,,die verhoging was voor de meeste gemeenteraadsleden te fors,1
477,,,dit is al twaalf weken aan de hand wordt er gezegd het vertrouwen gaat niet hersteld worden,1
478,,,dit wordt volgens van ark veel te weinig aangeboden door gemeenten,1
479,,,diverse gemeenten hebben daar goede ervaringen mee zo stelt de rekenkamer,1
480,,,drenthe is ongerust over de financile situatie van haar gemeenten,1
481,,,een flink deel van deze zorg blijkt toch niet het beste af onder de hoede van de gemeente aldus de ministers,1
482,,,een goed idee denkt arjan beerman van de gemeente enschede om zo de stad op de kaart te zetten,1
483,,,een kwart van de deelnemers vindt dat de burgemeester gewoon kan blijven zitten,1
484,,,een probleem voor zorgvervoer en gemeenten zegt directeur hubert andela van koninklijk nederlands vervoer knv,1
485,,,een raadsmeerderheid steunde vanavond een amendement van d66 om het speelgoedmuseum open te houden,1
486,,,eindelijk een wethouder met lef postte hanneke balk oud wethouder van cranendonck en waalre op twitter,1
487,,,en juist dat laatste is onvoldoende gebeurd stellen de omwonenden in een brief aan de gemeenteraad,1
488,,,er zijn echter gemeenten die hun zorgen uitten over een eerste voorstel van het ministerie,1
489,,,geen gemakkelijke opgave schrijft de gemeente op haar website,1
490,,,gemeenten hebben het zichzelf moeilijk gemaakt door concurrentie onder aanbieders te stimuleren,1
491,,,gemeentesecretaris lucas vokurka veegt die suggestie resoluut van tafel,1
492,,,het aantrekken van zij instromers lijkt goed te werken,1
493,,,het college heeft de voorkeur voor dit scenario en had deze dan ook voorgesteld aan de raad,1
494,,,het college voelt de urgentie niet concludeert dankaart,1
495,,,het college vond de ambtelijke vragen namelijk niet opportuun,1
496,,,het is een zooitje in buren aldus fractievoorzitter joop de jonge van de partij voor de dieren,1
497,,,het is niet mogelijk om een generiek advies te geven dat past voor alle gemeenten schrijft de vng,1
498,,,het onderzoek toont volgens de gemeente utrecht aan dat er veel niet volgens de regels gaat,1
499,,,het rapport van de rotterdamse rekenkamer was niet mals voor het stadsbestuur,1
500,,,het stadsbestuur moet veel meer doen om het vrachtverkeer te weren van de singels in de stad,1
501,,,hij is het oneens met de conclusie dat gemeenten minder belang hechten aan sport,1
502,,,hij is verre van tevreden met de uitleg van de gemeente raalte,1
503,,,hij vindt dat de gemeente kampen onzorgvuldig omgaat met de belangen van zijn clinten,1
504,,,ik vind het jammer dat niet meer gemeenten het proberen,1
505,,,in de ogen van de gemeente en technology base heeft de raad van state het kind met het badwater weggegooid,1
506,,,in een reactie zegt burgemeester krikke de aanbevelingen van de ovv over te nemen,1
507,,,in een urenlang raadsdebat op maandag 2 september gaat wethouder ren de heer vvd door het stof,1
508,,,in elk geval n fractie is wel dik tevreden met het besluit van bw,1
509,,,in maastricht laakte de oppositie de geheimhoudingscultus van het college,1
510,,,maar gemeenten en hun burgers vragen zich ook af waarom de enorme 5g investeringen nu al nodig zijn,1
511,,,maar onaanvaardbaar is dit allemaal niet aldus de gemeente enschede dinsdag voor de raad van state in den haag,1
512,,,maar volgens tln hanteren gemeenten veel te strenge vervuilingsregels,1
513,,,mantelzorg nl vreest dat de waardering in 2020 bij meer gemeenten zal worden afgeschaft,1
514,,,met deze maatregel houdt de gemeente daar geen rekening mee,1
515,,,mlds constateert ook dat 189 gemeenten helemaal niets doen op het gebied van openbare toiletten,1
516,,,na het ontslag van van gent is het integriteitsonderzoek uitgevoerd door necker van naem nog wel relevant,1
517,,,om die reden kan ook deze versie van het plan niet rekenen op de goedkeuring van de gemeente,1
518,,,omdat de gemeente echter bang was voor een precedent werd de regelgeving vervolgens aangescherpt,1
519,,,onderzoekers hebben aangetoond dat la pelosa in de gemeente stintino ten onder dreigt te gaan aan zijn succes,1
520,,,onze regioburgemeester deelde onlangs ook zijn zorgen over de capaciteit,1
521,,,ook de gemeente is niet blij met de situatie en besloot eerder deze maand de overgang te sluiten voor auto s,1
522,,,ook de gemeente zwolle wordt op dit moment als verdachte gezien,1
523,,,ook de integriteit van de gemeenteraad staat hiermee op het spel juist nu dit onderwerp actueler is dan ooit,1